ENTRY_OFFSET,TAKE_PROFIT_OFFSET,STOP_LOSS_OFFSET,TRAIL_TRIGGER,RE_ENTRY_DISTANCE,MAX_OPEN_TRADES,MAX_CONTRACTS_PER_TRADE,TOTAL_PNL,WIN_RATE,AVERAGE_WINN,AVERAGE_LOSS,NUM_OF_TRADE,REWARD_TO_RISK,SCORE
75,100000000,200,2,1,100,1,10187.5,33.5483870967742,5613.461538461538,-2784.526699029126,310,2.015948182654801,0.03379218840699892
75,100000000,200,1,1,100,1,-5262.5,49.67741935483871,2756.3311688311687,-2754.727564102564,310,1.0005821282472729,-0.017455842109627664
75,100000000,200,4,1,100,1,-73550.0,17.741935483870968,11535.681818181818,-2776.519607843137,310,4.154727301617363,-0.2439671614561738
75,100000000,200,5,1,100,1,-107762.5,14.193548387096774,14295.454545454546,-2769.783834586466,310,5.161216686640416,-0.3574508665726843
75,100000000,200,3,1,100,1,-133212.5,20.967741935483872,8386.538461538461,-2768.7244897959185,310,3.0290259982338035,-0.44186914337838956
